keys,Cumulative Return
A Label,-29.765957771107
B Label,0
C Label,32.807804682612
D Label,196.45946739256
E Label,0.19434030906893
F Label,-98.079782601442
G Label,-13.925743130903
H Label,-5.1387322875705