keys	Data
One	29.765957771107
Two	0
Three	32.807804682612
Four	196.45946739256
Five	0.19434030906893
Six	98.079782601442
Seven	13.925743130903
Eight	5.1387322875705